"id","nama_objek_wisata","harga_tiket_dewasa","harga_tiket_anak","gratis","mata_uang","sumber_platform","tanggal_update","created_at"
1,"Kawasan Kota Tua","0.00","0.00","Ya","IDR","Survey Manual","2025-12-09","2025-12-09 02:09:15.41065"
2,"Kepulauan Seribu","0.00","0.00","Ya","IDR","Survey Manual","2025-12-09","2025-12-09 02:09:15.41065"
3,"Monumen Nasional","20000.00","10000.00","Tidak","IDR","Website Resmi","2025-12-09","2025-12-09 02:09:15.41065"
4,"Museum Arkeologi Onrust","0.00","0.00","Ya","IDR","Website Museum Jakarta","2025-12-09","2025-12-09 02:09:15.41065"
5,"Museum Bahari","5000.00","3000.00","Tidak","IDR","Website Museum Jakarta","2025-12-09","2025-12-09 02:09:15.41065"
6,"Museum Basoeki Abdullah","10000.00","5000.00","Tidak","IDR","Website Museum Jakarta","2025-12-09","2025-12-09 02:09:15.41065"
7,"Museum Joang '45","2000.00","1000.00","Tidak","IDR","Website Museum Jakarta","2025-12-09","2025-12-09 02:09:15.41065"
8,"Museum Kebangkitan Nasional","5000.00","2000.00","Tidak","IDR","Website Museum Jakarta","2025-12-09","2025-12-09 02:09:15.41065"
9,"Museum Mohammad Hoesni Thamrin","0.00","0.00","Ya","IDR","Website Museum Jakarta","2025-12-09","2025-12-09 02:09:15.41065"
10,"Museum Nasional","10000.00","5000.00","Tidak","IDR","Website Museum Jakarta","2025-12-09","2025-12-09 02:09:15.41065"
11,"Museum Perumusan Naskah Proklamasi","0.00","0.00","Ya","IDR","Website Museum Jakarta","2025-12-09","2025-12-09 02:09:15.41065"
12,"Museum Prasasti","5000.00","3000.00","Tidak","IDR","Website Museum Jakarta","2025-12-09","2025-12-09 02:09:15.41065"
13,"Museum Satria Mandala","5000.00","2000.00","Tidak","IDR","Website Museum Jakarta","2025-12-09","2025-12-09 02:09:15.41065"
14,"Museum Sejarah Jakarta","5000.00","3000.00","Tidak","IDR","Website Museum Jakarta","2025-12-09","2025-12-09 02:09:15.41065"
15,"Museum Seni Rupa dan Keramik","5000.00","3000.00","Tidak","IDR","Website Museum Jakarta","2025-12-09","2025-12-09 02:09:15.41065"
16,"Museum Sumpah Pemuda","5000.00","2000.00","Tidak","IDR","Website Museum Jakarta","2025-12-09","2025-12-09 02:09:15.41065"
17,"Museum Tekstil","5000.00","3000.00","Tidak","IDR","Website Museum Jakarta","2025-12-09","2025-12-09 02:09:15.41065"
18,"Museum Wayang","5000.00","3000.00","Tidak","IDR","Website Museum Jakarta","2025-12-09","2025-12-09 02:09:15.41065"
19,"Old Shanghai","0.00","0.00","Ya","IDR","Survey Manual","2025-12-09","2025-12-09 02:09:15.41065"
20,"Pelabuhan Sunda Kelapa","5000.00","3000.00","Tidak","IDR","Survey Manual","2025-12-09","2025-12-09 02:09:15.41065"
21,"Perkampungan Budaya Betawi Setu Babakan","0.00","0.00","Ya","IDR","Survey Manual","2025-12-09","2025-12-09 02:09:15.41065"
22,"Planetarium","12000.00","7000.00","Tidak","IDR","Website Resmi","2025-12-09","2025-12-09 02:09:15.41065"
23,"Pos Bloc","0.00","0.00","Ya","IDR","Survey Manual","2025-12-09","2025-12-09 02:09:15.41065"
24,"Ruang Terbuka Hijau Tebet Eco Park","0.00","0.00","Ya","IDR","Survey Manual","2025-12-09","2025-12-09 02:09:15.41065"
25,"Rumah Si Pitung (Situs Marunda)","0.00","0.00","Ya","IDR","Survey Manual","2025-12-09","2025-12-09 02:09:15.41065"
26,"Taman Impian Jaya Ancol","25000.00","25000.00","Tidak","IDR","Website Resmi Pengelola","2025-12-09","2025-12-09 02:09:15.41065"
27,"Taman Lapangan Banteng","0.00","0.00","Ya","IDR","Website Resmi Pengelola","2025-12-09","2025-12-09 02:09:15.41065"
28,"Taman Marga Satwa Ragunan","4000.00","3000.00","Tidak","IDR","Website Resmi Pengelola","2025-12-09","2025-12-09 02:09:15.41065"
29,"Taman Mini Indonesia Indah","15000.00","10000.00","Tidak","IDR","Website Resmi Pengelola","2025-12-09","2025-12-09 02:09:15.41065"
30,"Kawasan Kota Tua","0.00","0.00","Ya","IDR","Survey Manual","2025-12-09","2025-12-09 19:01:53.27719"
31,"Kepulauan Seribu","0.00","0.00","Ya","IDR","Survey Manual","2025-12-09","2025-12-09 19:01:53.27719"
32,"Monumen Nasional","20000.00","10000.00","Tidak","IDR","Website Resmi","2025-12-09","2025-12-09 19:01:53.27719"
33,"Museum Arkeologi Onrust","0.00","0.00","Ya","IDR","Website Museum Jakarta","2025-12-09","2025-12-09 19:01:53.27719"
34,"Museum Bahari","5000.00","3000.00","Tidak","IDR","Website Museum Jakarta","2025-12-09","2025-12-09 19:01:53.27719"
35,"Museum Basoeki Abdullah","10000.00","5000.00","Tidak","IDR","Website Museum Jakarta","2025-12-09","2025-12-09 19:01:53.27719"
36,"Museum Joang '45","2000.00","1000.00","Tidak","IDR","Website Museum Jakarta","2025-12-09","2025-12-09 19:01:53.27719"
37,"Museum Kebangkitan Nasional","5000.00","2000.00","Tidak","IDR","Website Museum Jakarta","2025-12-09","2025-12-09 19:01:53.27719"
38,"Museum Mohammad Hoesni Thamrin","0.00","0.00","Ya","IDR","Website Museum Jakarta","2025-12-09","2025-12-09 19:01:53.27719"
39,"Museum Nasional","10000.00","5000.00","Tidak","IDR","Website Museum Jakarta","2025-12-09","2025-12-09 19:01:53.27719"
40,"Museum Perumusan Naskah Proklamasi","0.00","0.00","Ya","IDR","Website Museum Jakarta","2025-12-09","2025-12-09 19:01:53.27719"
41,"Museum Prasasti","5000.00","3000.00","Tidak","IDR","Website Museum Jakarta","2025-12-09","2025-12-09 19:01:53.27719"
42,"Museum Satria Mandala","5000.00","2000.00","Tidak","IDR","Website Museum Jakarta","2025-12-09","2025-12-09 19:01:53.27719"
43,"Museum Sejarah Jakarta","5000.00","3000.00","Tidak","IDR","Website Museum Jakarta","2025-12-09","2025-12-09 19:01:53.27719"
44,"Museum Seni Rupa dan Keramik","5000.00","3000.00","Tidak","IDR","Website Museum Jakarta","2025-12-09","2025-12-09 19:01:53.27719"
45,"Museum Sumpah Pemuda","5000.00","2000.00","Tidak","IDR","Website Museum Jakarta","2025-12-09","2025-12-09 19:01:53.27719"
46,"Museum Tekstil","5000.00","3000.00","Tidak","IDR","Website Museum Jakarta","2025-12-09","2025-12-09 19:01:53.27719"
47,"Museum Wayang","5000.00","3000.00","Tidak","IDR","Website Museum Jakarta","2025-12-09","2025-12-09 19:01:53.27719"
48,"Old Shanghai","0.00","0.00","Ya","IDR","Survey Manual","2025-12-09","2025-12-09 19:01:53.27719"
49,"Pelabuhan Sunda Kelapa","5000.00","3000.00","Tidak","IDR","Survey Manual","2025-12-09","2025-12-09 19:01:53.27719"
50,"Perkampungan Budaya Betawi Setu Babakan","0.00","0.00","Ya","IDR","Survey Manual","2025-12-09","2025-12-09 19:01:53.27719"
51,"Planetarium","12000.00","7000.00","Tidak","IDR","Website Resmi","2025-12-09","2025-12-09 19:01:53.27719"
52,"Pos Bloc","0.00","0.00","Ya","IDR","Survey Manual","2025-12-09","2025-12-09 19:01:53.27719"
53,"Ruang Terbuka Hijau Tebet Eco Park","0.00","0.00","Ya","IDR","Survey Manual","2025-12-09","2025-12-09 19:01:53.27719"
54,"Rumah Si Pitung (Situs Marunda)","0.00","0.00","Ya","IDR","Survey Manual","2025-12-09","2025-12-09 19:01:53.27719"
55,"Taman Impian Jaya Ancol","25000.00","25000.00","Tidak","IDR","Website Resmi Pengelola","2025-12-09","2025-12-09 19:01:53.27719"
56,"Taman Lapangan Banteng","0.00","0.00","Ya","IDR","Website Resmi Pengelola","2025-12-09","2025-12-09 19:01:53.27719"
57,"Taman Marga Satwa Ragunan","4000.00","3000.00","Tidak","IDR","Website Resmi Pengelola","2025-12-09","2025-12-09 19:01:53.27719"
58,"Taman Mini Indonesia Indah","15000.00","10000.00","Tidak","IDR","Website Resmi Pengelola","2025-12-09","2025-12-09 19:01:53.27719"
59,"Kawasan Kota Tua","0.00","0.00","Ya","IDR","Survey Manual","2025-12-09","2025-12-09 19:12:46.498755"
60,"Kepulauan Seribu","0.00","0.00","Ya","IDR","Survey Manual","2025-12-09","2025-12-09 19:12:46.498755"
61,"Monumen Nasional","20000.00","10000.00","Tidak","IDR","Website Resmi","2025-12-09","2025-12-09 19:12:46.498755"
62,"Museum Arkeologi Onrust","0.00","0.00","Ya","IDR","Website Museum Jakarta","2025-12-09","2025-12-09 19:12:46.498755"
63,"Museum Bahari","5000.00","3000.00","Tidak","IDR","Website Museum Jakarta","2025-12-09","2025-12-09 19:12:46.498755"
64,"Museum Basoeki Abdullah","10000.00","5000.00","Tidak","IDR","Website Museum Jakarta","2025-12-09","2025-12-09 19:12:46.498755"
65,"Museum Joang '45","2000.00","1000.00","Tidak","IDR","Website Museum Jakarta","2025-12-09","2025-12-09 19:12:46.498755"
66,"Museum Kebangkitan Nasional","5000.00","2000.00","Tidak","IDR","Website Museum Jakarta","2025-12-09","2025-12-09 19:12:46.498755"
67,"Museum Mohammad Hoesni Thamrin","0.00","0.00","Ya","IDR","Website Museum Jakarta","2025-12-09","2025-12-09 19:12:46.498755"
68,"Museum Nasional","10000.00","5000.00","Tidak","IDR","Website Museum Jakarta","2025-12-09","2025-12-09 19:12:46.498755"
69,"Museum Perumusan Naskah Proklamasi","0.00","0.00","Ya","IDR","Website Museum Jakarta","2025-12-09","2025-12-09 19:12:46.498755"
70,"Museum Prasasti","5000.00","3000.00","Tidak","IDR","Website Museum Jakarta","2025-12-09","2025-12-09 19:12:46.498755"
71,"Museum Satria Mandala","5000.00","2000.00","Tidak","IDR","Website Museum Jakarta","2025-12-09","2025-12-09 19:12:46.498755"
72,"Museum Sejarah Jakarta","5000.00","3000.00","Tidak","IDR","Website Museum Jakarta","2025-12-09","2025-12-09 19:12:46.498755"
73,"Museum Seni Rupa dan Keramik","5000.00","3000.00","Tidak","IDR","Website Museum Jakarta","2025-12-09","2025-12-09 19:12:46.498755"
74,"Museum Sumpah Pemuda","5000.00","2000.00","Tidak","IDR","Website Museum Jakarta","2025-12-09","2025-12-09 19:12:46.498755"
75,"Museum Tekstil","5000.00","3000.00","Tidak","IDR","Website Museum Jakarta","2025-12-09","2025-12-09 19:12:46.498755"
76,"Museum Wayang","5000.00","3000.00","Tidak","IDR","Website Museum Jakarta","2025-12-09","2025-12-09 19:12:46.498755"
77,"Old Shanghai","0.00","0.00","Ya","IDR","Survey Manual","2025-12-09","2025-12-09 19:12:46.498755"
78,"Pelabuhan Sunda Kelapa","5000.00","3000.00","Tidak","IDR","Survey Manual","2025-12-09","2025-12-09 19:12:46.498755"
79,"Perkampungan Budaya Betawi Setu Babakan","0.00","0.00","Ya","IDR","Survey Manual","2025-12-09","2025-12-09 19:12:46.498755"
80,"Planetarium","12000.00","7000.00","Tidak","IDR","Website Resmi","2025-12-09","2025-12-09 19:12:46.498755"
81,"Pos Bloc","0.00","0.00","Ya","IDR","Survey Manual","2025-12-09","2025-12-09 19:12:46.498755"
82,"Ruang Terbuka Hijau Tebet Eco Park","0.00","0.00","Ya","IDR","Survey Manual","2025-12-09","2025-12-09 19:12:46.498755"
83,"Rumah Si Pitung (Situs Marunda)","0.00","0.00","Ya","IDR","Survey Manual","2025-12-09","2025-12-09 19:12:46.498755"
84,"Taman Impian Jaya Ancol","25000.00","25000.00","Tidak","IDR","Website Resmi Pengelola","2025-12-09","2025-12-09 19:12:46.498755"
85,"Taman Lapangan Banteng","0.00","0.00","Ya","IDR","Website Resmi Pengelola","2025-12-09","2025-12-09 19:12:46.498755"
86,"Taman Marga Satwa Ragunan","4000.00","3000.00","Tidak","IDR","Website Resmi Pengelola","2025-12-09","2025-12-09 19:12:46.498755"
87,"Taman Mini Indonesia Indah","15000.00","10000.00","Tidak","IDR","Website Resmi Pengelola","2025-12-09","2025-12-09 19:12:46.498755"
88,"Kawasan Kota Tua","0.00","0.00","Ya","IDR","Survey Manual","2025-12-09","2025-12-10 00:29:23.234421"
89,"Kepulauan Seribu","0.00","0.00","Ya","IDR","Survey Manual","2025-12-09","2025-12-10 00:29:23.234421"
90,"Monumen Nasional","20000.00","10000.00","Tidak","IDR","Website Resmi","2025-12-09","2025-12-10 00:29:23.234421"
91,"Museum Arkeologi Onrust","0.00","0.00","Ya","IDR","Website Museum Jakarta","2025-12-09","2025-12-10 00:29:23.234421"
92,"Museum Bahari","5000.00","3000.00","Tidak","IDR","Website Museum Jakarta","2025-12-09","2025-12-10 00:29:23.234421"
93,"Museum Basoeki Abdullah","10000.00","5000.00","Tidak","IDR","Website Museum Jakarta","2025-12-09","2025-12-10 00:29:23.234421"
94,"Museum Joang '45","2000.00","1000.00","Tidak","IDR","Website Museum Jakarta","2025-12-09","2025-12-10 00:29:23.234421"
95,"Museum Kebangkitan Nasional","5000.00","2000.00","Tidak","IDR","Website Museum Jakarta","2025-12-09","2025-12-10 00:29:23.234421"
96,"Museum Mohammad Hoesni Thamrin","0.00","0.00","Ya","IDR","Website Museum Jakarta","2025-12-09","2025-12-10 00:29:23.234421"
97,"Museum Nasional","10000.00","5000.00","Tidak","IDR","Website Museum Jakarta","2025-12-09","2025-12-10 00:29:23.234421"
98,"Museum Perumusan Naskah Proklamasi","0.00","0.00","Ya","IDR","Website Museum Jakarta","2025-12-09","2025-12-10 00:29:23.234421"
99,"Museum Prasasti","5000.00","3000.00","Tidak","IDR","Website Museum Jakarta","2025-12-09","2025-12-10 00:29:23.234421"
100,"Museum Satria Mandala","5000.00","2000.00","Tidak","IDR","Website Museum Jakarta","2025-12-09","2025-12-10 00:29:23.234421"
101,"Museum Sejarah Jakarta","5000.00","3000.00","Tidak","IDR","Website Museum Jakarta","2025-12-09","2025-12-10 00:29:23.234421"
102,"Museum Seni Rupa dan Keramik","5000.00","3000.00","Tidak","IDR","Website Museum Jakarta","2025-12-09","2025-12-10 00:29:23.234421"
103,"Museum Sumpah Pemuda","5000.00","2000.00","Tidak","IDR","Website Museum Jakarta","2025-12-09","2025-12-10 00:29:23.234421"
104,"Museum Tekstil","5000.00","3000.00","Tidak","IDR","Website Museum Jakarta","2025-12-09","2025-12-10 00:29:23.234421"
105,"Museum Wayang","5000.00","3000.00","Tidak","IDR","Website Museum Jakarta","2025-12-09","2025-12-10 00:29:23.234421"
106,"Old Shanghai","0.00","0.00","Ya","IDR","Survey Manual","2025-12-09","2025-12-10 00:29:23.234421"
107,"Pelabuhan Sunda Kelapa","5000.00","3000.00","Tidak","IDR","Survey Manual","2025-12-09","2025-12-10 00:29:23.234421"
108,"Perkampungan Budaya Betawi Setu Babakan","0.00","0.00","Ya","IDR","Survey Manual","2025-12-09","2025-12-10 00:29:23.234421"
109,"Planetarium","12000.00","7000.00","Tidak","IDR","Website Resmi","2025-12-09","2025-12-10 00:29:23.234421"
110,"Pos Bloc","0.00","0.00","Ya","IDR","Survey Manual","2025-12-09","2025-12-10 00:29:23.234421"
111,"Ruang Terbuka Hijau Tebet Eco Park","0.00","0.00","Ya","IDR","Survey Manual","2025-12-09","2025-12-10 00:29:23.234421"
112,"Rumah Si Pitung (Situs Marunda)","0.00","0.00","Ya","IDR","Survey Manual","2025-12-09","2025-12-10 00:29:23.234421"
113,"Taman Impian Jaya Ancol","25000.00","25000.00","Tidak","IDR","Website Resmi Pengelola","2025-12-09","2025-12-10 00:29:23.234421"
114,"Taman Lapangan Banteng","0.00","0.00","Ya","IDR","Website Resmi Pengelola","2025-12-09","2025-12-10 00:29:23.234421"
115,"Taman Marga Satwa Ragunan","4000.00","3000.00","Tidak","IDR","Website Resmi Pengelola","2025-12-09","2025-12-10 00:29:23.234421"
116,"Taman Mini Indonesia Indah","15000.00","10000.00","Tidak","IDR","Website Resmi Pengelola","2025-12-09","2025-12-10 00:29:23.234421"
117,"Kawasan Kota Tua","0.00","0.00","Ya","IDR","Survey Manual","2025-12-09","2025-12-10 02:55:48.397523"
118,"Kepulauan Seribu","0.00","0.00","Ya","IDR","Survey Manual","2025-12-09","2025-12-10 02:55:48.397523"
119,"Monumen Nasional","20000.00","10000.00","Tidak","IDR","Website Resmi","2025-12-09","2025-12-10 02:55:48.397523"
120,"Museum Arkeologi Onrust","0.00","0.00","Ya","IDR","Website Museum Jakarta","2025-12-09","2025-12-10 02:55:48.397523"
121,"Museum Bahari","5000.00","3000.00","Tidak","IDR","Website Museum Jakarta","2025-12-09","2025-12-10 02:55:48.397523"
122,"Museum Basoeki Abdullah","10000.00","5000.00","Tidak","IDR","Website Museum Jakarta","2025-12-09","2025-12-10 02:55:48.397523"
123,"Museum Joang '45","2000.00","1000.00","Tidak","IDR","Website Museum Jakarta","2025-12-09","2025-12-10 02:55:48.397523"
124,"Museum Kebangkitan Nasional","5000.00","2000.00","Tidak","IDR","Website Museum Jakarta","2025-12-09","2025-12-10 02:55:48.397523"
125,"Museum Mohammad Hoesni Thamrin","0.00","0.00","Ya","IDR","Website Museum Jakarta","2025-12-09","2025-12-10 02:55:48.397523"
126,"Museum Nasional","10000.00","5000.00","Tidak","IDR","Website Museum Jakarta","2025-12-09","2025-12-10 02:55:48.397523"
127,"Museum Perumusan Naskah Proklamasi","0.00","0.00","Ya","IDR","Website Museum Jakarta","2025-12-09","2025-12-10 02:55:48.397523"
128,"Museum Prasasti","5000.00","3000.00","Tidak","IDR","Website Museum Jakarta","2025-12-09","2025-12-10 02:55:48.397523"
129,"Museum Satria Mandala","5000.00","2000.00","Tidak","IDR","Website Museum Jakarta","2025-12-09","2025-12-10 02:55:48.397523"
130,"Museum Sejarah Jakarta","5000.00","3000.00","Tidak","IDR","Website Museum Jakarta","2025-12-09","2025-12-10 02:55:48.397523"
131,"Museum Seni Rupa dan Keramik","5000.00","3000.00","Tidak","IDR","Website Museum Jakarta","2025-12-09","2025-12-10 02:55:48.397523"
132,"Museum Sumpah Pemuda","5000.00","2000.00","Tidak","IDR","Website Museum Jakarta","2025-12-09","2025-12-10 02:55:48.397523"
133,"Museum Tekstil","5000.00","3000.00","Tidak","IDR","Website Museum Jakarta","2025-12-09","2025-12-10 02:55:48.397523"
134,"Museum Wayang","5000.00","3000.00","Tidak","IDR","Website Museum Jakarta","2025-12-09","2025-12-10 02:55:48.397523"
135,"Old Shanghai","0.00","0.00","Ya","IDR","Survey Manual","2025-12-09","2025-12-10 02:55:48.397523"
136,"Pelabuhan Sunda Kelapa","5000.00","3000.00","Tidak","IDR","Survey Manual","2025-12-09","2025-12-10 02:55:48.397523"
137,"Perkampungan Budaya Betawi Setu Babakan","0.00","0.00","Ya","IDR","Survey Manual","2025-12-09","2025-12-10 02:55:48.397523"
138,"Planetarium","12000.00","7000.00","Tidak","IDR","Website Resmi","2025-12-09","2025-12-10 02:55:48.397523"
139,"Pos Bloc","0.00","0.00","Ya","IDR","Survey Manual","2025-12-09","2025-12-10 02:55:48.397523"
140,"Ruang Terbuka Hijau Tebet Eco Park","0.00","0.00","Ya","IDR","Survey Manual","2025-12-09","2025-12-10 02:55:48.397523"
141,"Rumah Si Pitung (Situs Marunda)","0.00","0.00","Ya","IDR","Survey Manual","2025-12-09","2025-12-10 02:55:48.397523"
142,"Taman Impian Jaya Ancol","25000.00","25000.00","Tidak","IDR","Website Resmi Pengelola","2025-12-09","2025-12-10 02:55:48.397523"
143,"Taman Lapangan Banteng","0.00","0.00","Ya","IDR","Website Resmi Pengelola","2025-12-09","2025-12-10 02:55:48.397523"
144,"Taman Marga Satwa Ragunan","4000.00","3000.00","Tidak","IDR","Website Resmi Pengelola","2025-12-09","2025-12-10 02:55:48.397523"
145,"Taman Mini Indonesia Indah","15000.00","10000.00","Tidak","IDR","Website Resmi Pengelola","2025-12-09","2025-12-10 02:55:48.397523"
146,"Kawasan Kota Tua","0.00","0.00","Ya","IDR","Survey Manual","2025-12-09","2025-12-10 02:57:28.4996"
147,"Kepulauan Seribu","0.00","0.00","Ya","IDR","Survey Manual","2025-12-09","2025-12-10 02:57:28.4996"
148,"Monumen Nasional","20000.00","10000.00","Tidak","IDR","Website Resmi","2025-12-09","2025-12-10 02:57:28.4996"
149,"Museum Arkeologi Onrust","0.00","0.00","Ya","IDR","Website Museum Jakarta","2025-12-09","2025-12-10 02:57:28.4996"
150,"Museum Bahari","5000.00","3000.00","Tidak","IDR","Website Museum Jakarta","2025-12-09","2025-12-10 02:57:28.4996"
151,"Museum Basoeki Abdullah","10000.00","5000.00","Tidak","IDR","Website Museum Jakarta","2025-12-09","2025-12-10 02:57:28.4996"
152,"Museum Joang '45","2000.00","1000.00","Tidak","IDR","Website Museum Jakarta","2025-12-09","2025-12-10 02:57:28.4996"
153,"Museum Kebangkitan Nasional","5000.00","2000.00","Tidak","IDR","Website Museum Jakarta","2025-12-09","2025-12-10 02:57:28.4996"
154,"Museum Mohammad Hoesni Thamrin","0.00","0.00","Ya","IDR","Website Museum Jakarta","2025-12-09","2025-12-10 02:57:28.4996"
155,"Museum Nasional","10000.00","5000.00","Tidak","IDR","Website Museum Jakarta","2025-12-09","2025-12-10 02:57:28.4996"
156,"Museum Perumusan Naskah Proklamasi","0.00","0.00","Ya","IDR","Website Museum Jakarta","2025-12-09","2025-12-10 02:57:28.4996"
157,"Museum Prasasti","5000.00","3000.00","Tidak","IDR","Website Museum Jakarta","2025-12-09","2025-12-10 02:57:28.4996"
158,"Museum Satria Mandala","5000.00","2000.00","Tidak","IDR","Website Museum Jakarta","2025-12-09","2025-12-10 02:57:28.4996"
159,"Museum Sejarah Jakarta","5000.00","3000.00","Tidak","IDR","Website Museum Jakarta","2025-12-09","2025-12-10 02:57:28.4996"
160,"Museum Seni Rupa dan Keramik","5000.00","3000.00","Tidak","IDR","Website Museum Jakarta","2025-12-09","2025-12-10 02:57:28.4996"
161,"Museum Sumpah Pemuda","5000.00","2000.00","Tidak","IDR","Website Museum Jakarta","2025-12-09","2025-12-10 02:57:28.4996"
162,"Museum Tekstil","5000.00","3000.00","Tidak","IDR","Website Museum Jakarta","2025-12-09","2025-12-10 02:57:28.4996"
163,"Museum Wayang","5000.00","3000.00","Tidak","IDR","Website Museum Jakarta","2025-12-09","2025-12-10 02:57:28.4996"
164,"Old Shanghai","0.00","0.00","Ya","IDR","Survey Manual","2025-12-09","2025-12-10 02:57:28.4996"
165,"Pelabuhan Sunda Kelapa","5000.00","3000.00","Tidak","IDR","Survey Manual","2025-12-09","2025-12-10 02:57:28.4996"
166,"Perkampungan Budaya Betawi Setu Babakan","0.00","0.00","Ya","IDR","Survey Manual","2025-12-09","2025-12-10 02:57:28.4996"
167,"Planetarium","12000.00","7000.00","Tidak","IDR","Website Resmi","2025-12-09","2025-12-10 02:57:28.4996"
168,"Pos Bloc","0.00","0.00","Ya","IDR","Survey Manual","2025-12-09","2025-12-10 02:57:28.4996"
169,"Ruang Terbuka Hijau Tebet Eco Park","0.00","0.00","Ya","IDR","Survey Manual","2025-12-09","2025-12-10 02:57:28.4996"
170,"Rumah Si Pitung (Situs Marunda)","0.00","0.00","Ya","IDR","Survey Manual","2025-12-09","2025-12-10 02:57:28.4996"
171,"Taman Impian Jaya Ancol","25000.00","25000.00","Tidak","IDR","Website Resmi Pengelola","2025-12-09","2025-12-10 02:57:28.4996"
172,"Taman Lapangan Banteng","0.00","0.00","Ya","IDR","Website Resmi Pengelola","2025-12-09","2025-12-10 02:57:28.4996"
173,"Taman Marga Satwa Ragunan","4000.00","3000.00","Tidak","IDR","Website Resmi Pengelola","2025-12-09","2025-12-10 02:57:28.4996"
174,"Taman Mini Indonesia Indah","15000.00","10000.00","Tidak","IDR","Website Resmi Pengelola","2025-12-09","2025-12-10 02:57:28.4996"
175,"Kawasan Kota Tua","0.00","0.00","Ya","IDR","Survey Manual","2025-12-09","2025-12-10 02:58:28.965623"
176,"Kepulauan Seribu","0.00","0.00","Ya","IDR","Survey Manual","2025-12-09","2025-12-10 02:58:28.965623"
177,"Monumen Nasional","20000.00","10000.00","Tidak","IDR","Website Resmi","2025-12-09","2025-12-10 02:58:28.965623"
178,"Museum Arkeologi Onrust","0.00","0.00","Ya","IDR","Website Museum Jakarta","2025-12-09","2025-12-10 02:58:28.965623"
179,"Museum Bahari","5000.00","3000.00","Tidak","IDR","Website Museum Jakarta","2025-12-09","2025-12-10 02:58:28.965623"
180,"Museum Basoeki Abdullah","10000.00","5000.00","Tidak","IDR","Website Museum Jakarta","2025-12-09","2025-12-10 02:58:28.965623"
181,"Museum Joang '45","2000.00","1000.00","Tidak","IDR","Website Museum Jakarta","2025-12-09","2025-12-10 02:58:28.965623"
182,"Museum Kebangkitan Nasional","5000.00","2000.00","Tidak","IDR","Website Museum Jakarta","2025-12-09","2025-12-10 02:58:28.965623"
183,"Museum Mohammad Hoesni Thamrin","0.00","0.00","Ya","IDR","Website Museum Jakarta","2025-12-09","2025-12-10 02:58:28.965623"
184,"Museum Nasional","10000.00","5000.00","Tidak","IDR","Website Museum Jakarta","2025-12-09","2025-12-10 02:58:28.965623"
185,"Museum Perumusan Naskah Proklamasi","0.00","0.00","Ya","IDR","Website Museum Jakarta","2025-12-09","2025-12-10 02:58:28.965623"
186,"Museum Prasasti","5000.00","3000.00","Tidak","IDR","Website Museum Jakarta","2025-12-09","2025-12-10 02:58:28.965623"
187,"Museum Satria Mandala","5000.00","2000.00","Tidak","IDR","Website Museum Jakarta","2025-12-09","2025-12-10 02:58:28.965623"
188,"Museum Sejarah Jakarta","5000.00","3000.00","Tidak","IDR","Website Museum Jakarta","2025-12-09","2025-12-10 02:58:28.965623"
189,"Museum Seni Rupa dan Keramik","5000.00","3000.00","Tidak","IDR","Website Museum Jakarta","2025-12-09","2025-12-10 02:58:28.965623"
190,"Museum Sumpah Pemuda","5000.00","2000.00","Tidak","IDR","Website Museum Jakarta","2025-12-09","2025-12-10 02:58:28.965623"
191,"Museum Tekstil","5000.00","3000.00","Tidak","IDR","Website Museum Jakarta","2025-12-09","2025-12-10 02:58:28.965623"
192,"Museum Wayang","5000.00","3000.00","Tidak","IDR","Website Museum Jakarta","2025-12-09","2025-12-10 02:58:28.965623"
193,"Old Shanghai","0.00","0.00","Ya","IDR","Survey Manual","2025-12-09","2025-12-10 02:58:28.965623"
194,"Pelabuhan Sunda Kelapa","5000.00","3000.00","Tidak","IDR","Survey Manual","2025-12-09","2025-12-10 02:58:28.965623"
195,"Perkampungan Budaya Betawi Setu Babakan","0.00","0.00","Ya","IDR","Survey Manual","2025-12-09","2025-12-10 02:58:28.965623"
196,"Planetarium","12000.00","7000.00","Tidak","IDR","Website Resmi","2025-12-09","2025-12-10 02:58:28.965623"
197,"Pos Bloc","0.00","0.00","Ya","IDR","Survey Manual","2025-12-09","2025-12-10 02:58:28.965623"
198,"Ruang Terbuka Hijau Tebet Eco Park","0.00","0.00","Ya","IDR","Survey Manual","2025-12-09","2025-12-10 02:58:28.965623"
199,"Rumah Si Pitung (Situs Marunda)","0.00","0.00","Ya","IDR","Survey Manual","2025-12-09","2025-12-10 02:58:28.965623"
200,"Taman Impian Jaya Ancol","25000.00","25000.00","Tidak","IDR","Website Resmi Pengelola","2025-12-09","2025-12-10 02:58:28.965623"
201,"Taman Lapangan Banteng","0.00","0.00","Ya","IDR","Website Resmi Pengelola","2025-12-09","2025-12-10 02:58:28.965623"
202,"Taman Marga Satwa Ragunan","4000.00","3000.00","Tidak","IDR","Website Resmi Pengelola","2025-12-09","2025-12-10 02:58:28.965623"
203,"Taman Mini Indonesia Indah","15000.00","10000.00","Tidak","IDR","Website Resmi Pengelola","2025-12-09","2025-12-10 02:58:28.965623"
204,"Kawasan Kota Tua","0.00","0.00","Ya","IDR","Survey Manual","2025-12-09","2025-12-11 02:11:41.683449"
205,"Kepulauan Seribu","0.00","0.00","Ya","IDR","Survey Manual","2025-12-09","2025-12-11 02:11:41.683449"
206,"Monumen Nasional","20000.00","10000.00","Tidak","IDR","Website Resmi","2025-12-09","2025-12-11 02:11:41.683449"
207,"Museum Arkeologi Onrust","0.00","0.00","Ya","IDR","Website Museum Jakarta","2025-12-09","2025-12-11 02:11:41.683449"
208,"Museum Bahari","5000.00","3000.00","Tidak","IDR","Website Museum Jakarta","2025-12-09","2025-12-11 02:11:41.683449"
209,"Museum Basoeki Abdullah","10000.00","5000.00","Tidak","IDR","Website Museum Jakarta","2025-12-09","2025-12-11 02:11:41.683449"
210,"Museum Joang '45","2000.00","1000.00","Tidak","IDR","Website Museum Jakarta","2025-12-09","2025-12-11 02:11:41.683449"
211,"Museum Kebangkitan Nasional","5000.00","2000.00","Tidak","IDR","Website Museum Jakarta","2025-12-09","2025-12-11 02:11:41.683449"
212,"Museum Mohammad Hoesni Thamrin","0.00","0.00","Ya","IDR","Website Museum Jakarta","2025-12-09","2025-12-11 02:11:41.683449"
213,"Museum Nasional","10000.00","5000.00","Tidak","IDR","Website Museum Jakarta","2025-12-09","2025-12-11 02:11:41.683449"
214,"Museum Perumusan Naskah Proklamasi","0.00","0.00","Ya","IDR","Website Museum Jakarta","2025-12-09","2025-12-11 02:11:41.683449"
215,"Museum Prasasti","5000.00","3000.00","Tidak","IDR","Website Museum Jakarta","2025-12-09","2025-12-11 02:11:41.683449"
216,"Museum Satria Mandala","5000.00","2000.00","Tidak","IDR","Website Museum Jakarta","2025-12-09","2025-12-11 02:11:41.683449"
217,"Museum Sejarah Jakarta","5000.00","3000.00","Tidak","IDR","Website Museum Jakarta","2025-12-09","2025-12-11 02:11:41.683449"
218,"Museum Seni Rupa dan Keramik","5000.00","3000.00","Tidak","IDR","Website Museum Jakarta","2025-12-09","2025-12-11 02:11:41.683449"
219,"Museum Sumpah Pemuda","5000.00","2000.00","Tidak","IDR","Website Museum Jakarta","2025-12-09","2025-12-11 02:11:41.683449"
220,"Museum Tekstil","5000.00","3000.00","Tidak","IDR","Website Museum Jakarta","2025-12-09","2025-12-11 02:11:41.683449"
221,"Museum Wayang","5000.00","3000.00","Tidak","IDR","Website Museum Jakarta","2025-12-09","2025-12-11 02:11:41.683449"
222,"Old Shanghai","0.00","0.00","Ya","IDR","Survey Manual","2025-12-09","2025-12-11 02:11:41.683449"
223,"Pelabuhan Sunda Kelapa","5000.00","3000.00","Tidak","IDR","Survey Manual","2025-12-09","2025-12-11 02:11:41.683449"
224,"Perkampungan Budaya Betawi Setu Babakan","0.00","0.00","Ya","IDR","Survey Manual","2025-12-09","2025-12-11 02:11:41.683449"
225,"Planetarium","12000.00","7000.00","Tidak","IDR","Website Resmi","2025-12-09","2025-12-11 02:11:41.683449"
226,"Pos Bloc","0.00","0.00","Ya","IDR","Survey Manual","2025-12-09","2025-12-11 02:11:41.683449"
227,"Ruang Terbuka Hijau Tebet Eco Park","0.00","0.00","Ya","IDR","Survey Manual","2025-12-09","2025-12-11 02:11:41.683449"
228,"Rumah Si Pitung (Situs Marunda)","0.00","0.00","Ya","IDR","Survey Manual","2025-12-09","2025-12-11 02:11:41.683449"
229,"Taman Impian Jaya Ancol","25000.00","25000.00","Tidak","IDR","Website Resmi Pengelola","2025-12-09","2025-12-11 02:11:41.683449"
230,"Taman Lapangan Banteng","0.00","0.00","Ya","IDR","Website Resmi Pengelola","2025-12-09","2025-12-11 02:11:41.683449"
231,"Taman Marga Satwa Ragunan","4000.00","3000.00","Tidak","IDR","Website Resmi Pengelola","2025-12-09","2025-12-11 02:11:41.683449"
232,"Taman Mini Indonesia Indah","15000.00","10000.00","Tidak","IDR","Website Resmi Pengelola","2025-12-09","2025-12-11 02:11:41.683449"
233,"Kawasan Kota Tua","0.00","0.00","Ya","IDR","Survey Manual","2025-12-09","2025-12-15 00:00:43.498207"
234,"Kepulauan Seribu","0.00","0.00","Ya","IDR","Survey Manual","2025-12-09","2025-12-15 00:00:43.498207"
235,"Monumen Nasional","20000.00","10000.00","Tidak","IDR","Website Resmi","2025-12-09","2025-12-15 00:00:43.498207"
236,"Museum Arkeologi Onrust","0.00","0.00","Ya","IDR","Website Museum Jakarta","2025-12-09","2025-12-15 00:00:43.498207"
237,"Museum Bahari","5000.00","3000.00","Tidak","IDR","Website Museum Jakarta","2025-12-09","2025-12-15 00:00:43.498207"
238,"Museum Basoeki Abdullah","10000.00","5000.00","Tidak","IDR","Website Museum Jakarta","2025-12-09","2025-12-15 00:00:43.498207"
239,"Museum Joang '45","2000.00","1000.00","Tidak","IDR","Website Museum Jakarta","2025-12-09","2025-12-15 00:00:43.498207"
240,"Museum Kebangkitan Nasional","5000.00","2000.00","Tidak","IDR","Website Museum Jakarta","2025-12-09","2025-12-15 00:00:43.498207"
241,"Museum Mohammad Hoesni Thamrin","0.00","0.00","Ya","IDR","Website Museum Jakarta","2025-12-09","2025-12-15 00:00:43.498207"
242,"Museum Nasional","10000.00","5000.00","Tidak","IDR","Website Museum Jakarta","2025-12-09","2025-12-15 00:00:43.498207"
243,"Museum Perumusan Naskah Proklamasi","0.00","0.00","Ya","IDR","Website Museum Jakarta","2025-12-09","2025-12-15 00:00:43.498207"
244,"Museum Prasasti","5000.00","3000.00","Tidak","IDR","Website Museum Jakarta","2025-12-09","2025-12-15 00:00:43.498207"
245,"Museum Satria Mandala","5000.00","2000.00","Tidak","IDR","Website Museum Jakarta","2025-12-09","2025-12-15 00:00:43.498207"
246,"Museum Sejarah Jakarta","5000.00","3000.00","Tidak","IDR","Website Museum Jakarta","2025-12-09","2025-12-15 00:00:43.498207"
247,"Museum Seni Rupa dan Keramik","5000.00","3000.00","Tidak","IDR","Website Museum Jakarta","2025-12-09","2025-12-15 00:00:43.498207"
248,"Museum Sumpah Pemuda","5000.00","2000.00","Tidak","IDR","Website Museum Jakarta","2025-12-09","2025-12-15 00:00:43.498207"
249,"Museum Tekstil","5000.00","3000.00","Tidak","IDR","Website Museum Jakarta","2025-12-09","2025-12-15 00:00:43.498207"
250,"Museum Wayang","5000.00","3000.00","Tidak","IDR","Website Museum Jakarta","2025-12-09","2025-12-15 00:00:43.498207"
251,"Old Shanghai","0.00","0.00","Ya","IDR","Survey Manual","2025-12-09","2025-12-15 00:00:43.498207"
252,"Pelabuhan Sunda Kelapa","5000.00","3000.00","Tidak","IDR","Survey Manual","2025-12-09","2025-12-15 00:00:43.498207"
253,"Perkampungan Budaya Betawi Setu Babakan","0.00","0.00","Ya","IDR","Survey Manual","2025-12-09","2025-12-15 00:00:43.498207"
254,"Planetarium","12000.00","7000.00","Tidak","IDR","Website Resmi","2025-12-09","2025-12-15 00:00:43.498207"
255,"Pos Bloc","0.00","0.00","Ya","IDR","Survey Manual","2025-12-09","2025-12-15 00:00:43.498207"
256,"Ruang Terbuka Hijau Tebet Eco Park","0.00","0.00","Ya","IDR","Survey Manual","2025-12-09","2025-12-15 00:00:43.498207"
257,"Rumah Si Pitung (Situs Marunda)","0.00","0.00","Ya","IDR","Survey Manual","2025-12-09","2025-12-15 00:00:43.498207"
258,"Taman Impian Jaya Ancol","25000.00","25000.00","Tidak","IDR","Website Resmi Pengelola","2025-12-09","2025-12-15 00:00:43.498207"
259,"Taman Lapangan Banteng","0.00","0.00","Ya","IDR","Website Resmi Pengelola","2025-12-09","2025-12-15 00:00:43.498207"
260,"Taman Marga Satwa Ragunan","4000.00","3000.00","Tidak","IDR","Website Resmi Pengelola","2025-12-09","2025-12-15 00:00:43.498207"
261,"Taman Mini Indonesia Indah","15000.00","10000.00","Tidak","IDR","Website Resmi Pengelola","2025-12-09","2025-12-15 00:00:43.498207"
262,"Kawasan Kota Tua","0.00","0.00","Ya","IDR","Survey Manual","2025-12-09","2025-12-15 12:50:37.49894"
263,"Kepulauan Seribu","0.00","0.00","Ya","IDR","Survey Manual","2025-12-09","2025-12-15 12:50:37.49894"
264,"Monumen Nasional","20000.00","10000.00","Tidak","IDR","Website Resmi","2025-12-09","2025-12-15 12:50:37.49894"
265,"Museum Arkeologi Onrust","0.00","0.00","Ya","IDR","Website Museum Jakarta","2025-12-09","2025-12-15 12:50:37.49894"
266,"Museum Bahari","5000.00","3000.00","Tidak","IDR","Website Museum Jakarta","2025-12-09","2025-12-15 12:50:37.49894"
267,"Museum Basoeki Abdullah","10000.00","5000.00","Tidak","IDR","Website Museum Jakarta","2025-12-09","2025-12-15 12:50:37.49894"
268,"Museum Joang '45","2000.00","1000.00","Tidak","IDR","Website Museum Jakarta","2025-12-09","2025-12-15 12:50:37.49894"
269,"Museum Kebangkitan Nasional","5000.00","2000.00","Tidak","IDR","Website Museum Jakarta","2025-12-09","2025-12-15 12:50:37.49894"
270,"Museum Mohammad Hoesni Thamrin","0.00","0.00","Ya","IDR","Website Museum Jakarta","2025-12-09","2025-12-15 12:50:37.49894"
271,"Museum Nasional","10000.00","5000.00","Tidak","IDR","Website Museum Jakarta","2025-12-09","2025-12-15 12:50:37.49894"
272,"Museum Perumusan Naskah Proklamasi","0.00","0.00","Ya","IDR","Website Museum Jakarta","2025-12-09","2025-12-15 12:50:37.49894"
273,"Museum Prasasti","5000.00","3000.00","Tidak","IDR","Website Museum Jakarta","2025-12-09","2025-12-15 12:50:37.49894"
274,"Museum Satria Mandala","5000.00","2000.00","Tidak","IDR","Website Museum Jakarta","2025-12-09","2025-12-15 12:50:37.49894"
275,"Museum Sejarah Jakarta","5000.00","3000.00","Tidak","IDR","Website Museum Jakarta","2025-12-09","2025-12-15 12:50:37.49894"
276,"Museum Seni Rupa dan Keramik","5000.00","3000.00","Tidak","IDR","Website Museum Jakarta","2025-12-09","2025-12-15 12:50:37.49894"
277,"Museum Sumpah Pemuda","5000.00","2000.00","Tidak","IDR","Website Museum Jakarta","2025-12-09","2025-12-15 12:50:37.49894"
278,"Museum Tekstil","5000.00","3000.00","Tidak","IDR","Website Museum Jakarta","2025-12-09","2025-12-15 12:50:37.49894"
279,"Museum Wayang","5000.00","3000.00","Tidak","IDR","Website Museum Jakarta","2025-12-09","2025-12-15 12:50:37.49894"
280,"Old Shanghai","0.00","0.00","Ya","IDR","Survey Manual","2025-12-09","2025-12-15 12:50:37.49894"
281,"Pelabuhan Sunda Kelapa","5000.00","3000.00","Tidak","IDR","Survey Manual","2025-12-09","2025-12-15 12:50:37.49894"
282,"Perkampungan Budaya Betawi Setu Babakan","0.00","0.00","Ya","IDR","Survey Manual","2025-12-09","2025-12-15 12:50:37.49894"
283,"Planetarium","12000.00","7000.00","Tidak","IDR","Website Resmi","2025-12-09","2025-12-15 12:50:37.49894"
284,"Pos Bloc","0.00","0.00","Ya","IDR","Survey Manual","2025-12-09","2025-12-15 12:50:37.49894"
285,"Ruang Terbuka Hijau Tebet Eco Park","0.00","0.00","Ya","IDR","Survey Manual","2025-12-09","2025-12-15 12:50:37.49894"
286,"Rumah Si Pitung (Situs Marunda)","0.00","0.00","Ya","IDR","Survey Manual","2025-12-09","2025-12-15 12:50:37.49894"
287,"Taman Impian Jaya Ancol","25000.00","25000.00","Tidak","IDR","Website Resmi Pengelola","2025-12-09","2025-12-15 12:50:37.49894"
288,"Taman Lapangan Banteng","0.00","0.00","Ya","IDR","Website Resmi Pengelola","2025-12-09","2025-12-15 12:50:37.49894"
289,"Taman Marga Satwa Ragunan","4000.00","3000.00","Tidak","IDR","Website Resmi Pengelola","2025-12-09","2025-12-15 12:50:37.49894"
290,"Taman Mini Indonesia Indah","15000.00","10000.00","Tidak","IDR","Website Resmi Pengelola","2025-12-09","2025-12-15 12:50:37.49894"
291,"Kawasan Kota Tua","0.00","0.00","Ya","IDR","Survey Manual","2025-12-09","2025-12-15 16:31:30.970644"
292,"Kepulauan Seribu","0.00","0.00","Ya","IDR","Survey Manual","2025-12-09","2025-12-15 16:31:30.970644"
293,"Monumen Nasional","20000.00","10000.00","Tidak","IDR","Website Resmi","2025-12-09","2025-12-15 16:31:30.970644"
294,"Museum Arkeologi Onrust","0.00","0.00","Ya","IDR","Website Museum Jakarta","2025-12-09","2025-12-15 16:31:30.970644"
295,"Museum Bahari","5000.00","3000.00","Tidak","IDR","Website Museum Jakarta","2025-12-09","2025-12-15 16:31:30.970644"
296,"Museum Basoeki Abdullah","10000.00","5000.00","Tidak","IDR","Website Museum Jakarta","2025-12-09","2025-12-15 16:31:30.970644"
297,"Museum Joang '45","2000.00","1000.00","Tidak","IDR","Website Museum Jakarta","2025-12-09","2025-12-15 16:31:30.970644"
298,"Museum Kebangkitan Nasional","5000.00","2000.00","Tidak","IDR","Website Museum Jakarta","2025-12-09","2025-12-15 16:31:30.970644"
299,"Museum Mohammad Hoesni Thamrin","0.00","0.00","Ya","IDR","Website Museum Jakarta","2025-12-09","2025-12-15 16:31:30.970644"
300,"Museum Nasional","10000.00","5000.00","Tidak","IDR","Website Museum Jakarta","2025-12-09","2025-12-15 16:31:30.970644"
301,"Museum Perumusan Naskah Proklamasi","0.00","0.00","Ya","IDR","Website Museum Jakarta","2025-12-09","2025-12-15 16:31:30.970644"
302,"Museum Prasasti","5000.00","3000.00","Tidak","IDR","Website Museum Jakarta","2025-12-09","2025-12-15 16:31:30.970644"
303,"Museum Satria Mandala","5000.00","2000.00","Tidak","IDR","Website Museum Jakarta","2025-12-09","2025-12-15 16:31:30.970644"
304,"Museum Sejarah Jakarta","5000.00","3000.00","Tidak","IDR","Website Museum Jakarta","2025-12-09","2025-12-15 16:31:30.970644"
305,"Museum Seni Rupa dan Keramik","5000.00","3000.00","Tidak","IDR","Website Museum Jakarta","2025-12-09","2025-12-15 16:31:30.970644"
306,"Museum Sumpah Pemuda","5000.00","2000.00","Tidak","IDR","Website Museum Jakarta","2025-12-09","2025-12-15 16:31:30.970644"
307,"Museum Tekstil","5000.00","3000.00","Tidak","IDR","Website Museum Jakarta","2025-12-09","2025-12-15 16:31:30.970644"
308,"Museum Wayang","5000.00","3000.00","Tidak","IDR","Website Museum Jakarta","2025-12-09","2025-12-15 16:31:30.970644"
309,"Old Shanghai","0.00","0.00","Ya","IDR","Survey Manual","2025-12-09","2025-12-15 16:31:30.970644"
310,"Pelabuhan Sunda Kelapa","5000.00","3000.00","Tidak","IDR","Survey Manual","2025-12-09","2025-12-15 16:31:30.970644"
311,"Perkampungan Budaya Betawi Setu Babakan","0.00","0.00","Ya","IDR","Survey Manual","2025-12-09","2025-12-15 16:31:30.970644"
312,"Planetarium","12000.00","7000.00","Tidak","IDR","Website Resmi","2025-12-09","2025-12-15 16:31:30.970644"
313,"Pos Bloc","0.00","0.00","Ya","IDR","Survey Manual","2025-12-09","2025-12-15 16:31:30.970644"
314,"Ruang Terbuka Hijau Tebet Eco Park","0.00","0.00","Ya","IDR","Survey Manual","2025-12-09","2025-12-15 16:31:30.970644"
315,"Rumah Si Pitung (Situs Marunda)","0.00","0.00","Ya","IDR","Survey Manual","2025-12-09","2025-12-15 16:31:30.970644"
316,"Taman Impian Jaya Ancol","25000.00","25000.00","Tidak","IDR","Website Resmi Pengelola","2025-12-09","2025-12-15 16:31:30.970644"
317,"Taman Lapangan Banteng","0.00","0.00","Ya","IDR","Website Resmi Pengelola","2025-12-09","2025-12-15 16:31:30.970644"
318,"Taman Marga Satwa Ragunan","4000.00","3000.00","Tidak","IDR","Website Resmi Pengelola","2025-12-09","2025-12-15 16:31:30.970644"
319,"Taman Mini Indonesia Indah","15000.00","10000.00","Tidak","IDR","Website Resmi Pengelola","2025-12-09","2025-12-15 16:31:30.970644"
320,"Kawasan Kota Tua","0.00","0.00","Ya","IDR","Survey Manual","2025-12-09","2025-12-15 16:36:43.966917"
321,"Kepulauan Seribu","0.00","0.00","Ya","IDR","Survey Manual","2025-12-09","2025-12-15 16:36:43.966917"
322,"Monumen Nasional","20000.00","10000.00","Tidak","IDR","Website Resmi","2025-12-09","2025-12-15 16:36:43.966917"
323,"Museum Arkeologi Onrust","0.00","0.00","Ya","IDR","Website Museum Jakarta","2025-12-09","2025-12-15 16:36:43.966917"
324,"Museum Bahari","5000.00","3000.00","Tidak","IDR","Website Museum Jakarta","2025-12-09","2025-12-15 16:36:43.966917"
325,"Museum Basoeki Abdullah","10000.00","5000.00","Tidak","IDR","Website Museum Jakarta","2025-12-09","2025-12-15 16:36:43.966917"
326,"Museum Joang '45","2000.00","1000.00","Tidak","IDR","Website Museum Jakarta","2025-12-09","2025-12-15 16:36:43.966917"
327,"Museum Kebangkitan Nasional","5000.00","2000.00","Tidak","IDR","Website Museum Jakarta","2025-12-09","2025-12-15 16:36:43.966917"
328,"Museum Mohammad Hoesni Thamrin","0.00","0.00","Ya","IDR","Website Museum Jakarta","2025-12-09","2025-12-15 16:36:43.966917"
329,"Museum Nasional","10000.00","5000.00","Tidak","IDR","Website Museum Jakarta","2025-12-09","2025-12-15 16:36:43.966917"
330,"Museum Perumusan Naskah Proklamasi","0.00","0.00","Ya","IDR","Website Museum Jakarta","2025-12-09","2025-12-15 16:36:43.966917"
331,"Museum Prasasti","5000.00","3000.00","Tidak","IDR","Website Museum Jakarta","2025-12-09","2025-12-15 16:36:43.966917"
332,"Museum Satria Mandala","5000.00","2000.00","Tidak","IDR","Website Museum Jakarta","2025-12-09","2025-12-15 16:36:43.966917"
333,"Museum Sejarah Jakarta","5000.00","3000.00","Tidak","IDR","Website Museum Jakarta","2025-12-09","2025-12-15 16:36:43.966917"
334,"Museum Seni Rupa dan Keramik","5000.00","3000.00","Tidak","IDR","Website Museum Jakarta","2025-12-09","2025-12-15 16:36:43.966917"
335,"Museum Sumpah Pemuda","5000.00","2000.00","Tidak","IDR","Website Museum Jakarta","2025-12-09","2025-12-15 16:36:43.966917"
336,"Museum Tekstil","5000.00","3000.00","Tidak","IDR","Website Museum Jakarta","2025-12-09","2025-12-15 16:36:43.966917"
337,"Museum Wayang","5000.00","3000.00","Tidak","IDR","Website Museum Jakarta","2025-12-09","2025-12-15 16:36:43.966917"
338,"Old Shanghai","0.00","0.00","Ya","IDR","Survey Manual","2025-12-09","2025-12-15 16:36:43.966917"
339,"Pelabuhan Sunda Kelapa","5000.00","3000.00","Tidak","IDR","Survey Manual","2025-12-09","2025-12-15 16:36:43.966917"
340,"Perkampungan Budaya Betawi Setu Babakan","0.00","0.00","Ya","IDR","Survey Manual","2025-12-09","2025-12-15 16:36:43.966917"
341,"Planetarium","12000.00","7000.00","Tidak","IDR","Website Resmi","2025-12-09","2025-12-15 16:36:43.966917"
342,"Pos Bloc","0.00","0.00","Ya","IDR","Survey Manual","2025-12-09","2025-12-15 16:36:43.966917"
343,"Ruang Terbuka Hijau Tebet Eco Park","0.00","0.00","Ya","IDR","Survey Manual","2025-12-09","2025-12-15 16:36:43.966917"
344,"Rumah Si Pitung (Situs Marunda)","0.00","0.00","Ya","IDR","Survey Manual","2025-12-09","2025-12-15 16:36:43.966917"
345,"Taman Impian Jaya Ancol","25000.00","25000.00","Tidak","IDR","Website Resmi Pengelola","2025-12-09","2025-12-15 16:36:43.966917"
346,"Taman Lapangan Banteng","0.00","0.00","Ya","IDR","Website Resmi Pengelola","2025-12-09","2025-12-15 16:36:43.966917"
347,"Taman Marga Satwa Ragunan","4000.00","3000.00","Tidak","IDR","Website Resmi Pengelola","2025-12-09","2025-12-15 16:36:43.966917"
348,"Taman Mini Indonesia Indah","15000.00","10000.00","Tidak","IDR","Website Resmi Pengelola","2025-12-09","2025-12-15 16:36:43.966917"
349,"Kawasan Kota Tua","0.00","0.00","Ya","IDR","Survey Manual","2025-12-09","2025-12-16 00:00:44.23896"
350,"Kepulauan Seribu","0.00","0.00","Ya","IDR","Survey Manual","2025-12-09","2025-12-16 00:00:44.23896"
351,"Monumen Nasional","20000.00","10000.00","Tidak","IDR","Website Resmi","2025-12-09","2025-12-16 00:00:44.23896"
352,"Museum Arkeologi Onrust","0.00","0.00","Ya","IDR","Website Museum Jakarta","2025-12-09","2025-12-16 00:00:44.23896"
353,"Museum Bahari","5000.00","3000.00","Tidak","IDR","Website Museum Jakarta","2025-12-09","2025-12-16 00:00:44.23896"
354,"Museum Basoeki Abdullah","10000.00","5000.00","Tidak","IDR","Website Museum Jakarta","2025-12-09","2025-12-16 00:00:44.23896"
355,"Museum Joang '45","2000.00","1000.00","Tidak","IDR","Website Museum Jakarta","2025-12-09","2025-12-16 00:00:44.23896"
356,"Museum Kebangkitan Nasional","5000.00","2000.00","Tidak","IDR","Website Museum Jakarta","2025-12-09","2025-12-16 00:00:44.23896"
357,"Museum Mohammad Hoesni Thamrin","0.00","0.00","Ya","IDR","Website Museum Jakarta","2025-12-09","2025-12-16 00:00:44.23896"
358,"Museum Nasional","10000.00","5000.00","Tidak","IDR","Website Museum Jakarta","2025-12-09","2025-12-16 00:00:44.23896"
359,"Museum Perumusan Naskah Proklamasi","0.00","0.00","Ya","IDR","Website Museum Jakarta","2025-12-09","2025-12-16 00:00:44.23896"
360,"Museum Prasasti","5000.00","3000.00","Tidak","IDR","Website Museum Jakarta","2025-12-09","2025-12-16 00:00:44.23896"
361,"Museum Satria Mandala","5000.00","2000.00","Tidak","IDR","Website Museum Jakarta","2025-12-09","2025-12-16 00:00:44.23896"
362,"Museum Sejarah Jakarta","5000.00","3000.00","Tidak","IDR","Website Museum Jakarta","2025-12-09","2025-12-16 00:00:44.23896"
363,"Museum Seni Rupa dan Keramik","5000.00","3000.00","Tidak","IDR","Website Museum Jakarta","2025-12-09","2025-12-16 00:00:44.23896"
364,"Museum Sumpah Pemuda","5000.00","2000.00","Tidak","IDR","Website Museum Jakarta","2025-12-09","2025-12-16 00:00:44.23896"
365,"Museum Tekstil","5000.00","3000.00","Tidak","IDR","Website Museum Jakarta","2025-12-09","2025-12-16 00:00:44.23896"
366,"Museum Wayang","5000.00","3000.00","Tidak","IDR","Website Museum Jakarta","2025-12-09","2025-12-16 00:00:44.23896"
367,"Old Shanghai","0.00","0.00","Ya","IDR","Survey Manual","2025-12-09","2025-12-16 00:00:44.23896"
368,"Pelabuhan Sunda Kelapa","5000.00","3000.00","Tidak","IDR","Survey Manual","2025-12-09","2025-12-16 00:00:44.23896"
369,"Perkampungan Budaya Betawi Setu Babakan","0.00","0.00","Ya","IDR","Survey Manual","2025-12-09","2025-12-16 00:00:44.23896"
370,"Planetarium","12000.00","7000.00","Tidak","IDR","Website Resmi","2025-12-09","2025-12-16 00:00:44.23896"
371,"Pos Bloc","0.00","0.00","Ya","IDR","Survey Manual","2025-12-09","2025-12-16 00:00:44.23896"
372,"Ruang Terbuka Hijau Tebet Eco Park","0.00","0.00","Ya","IDR","Survey Manual","2025-12-09","2025-12-16 00:00:44.23896"
373,"Rumah Si Pitung (Situs Marunda)","0.00","0.00","Ya","IDR","Survey Manual","2025-12-09","2025-12-16 00:00:44.23896"
374,"Taman Impian Jaya Ancol","25000.00","25000.00","Tidak","IDR","Website Resmi Pengelola","2025-12-09","2025-12-16 00:00:44.23896"
375,"Taman Lapangan Banteng","0.00","0.00","Ya","IDR","Website Resmi Pengelola","2025-12-09","2025-12-16 00:00:44.23896"
376,"Taman Marga Satwa Ragunan","4000.00","3000.00","Tidak","IDR","Website Resmi Pengelola","2025-12-09","2025-12-16 00:00:44.23896"
377,"Taman Mini Indonesia Indah","15000.00","10000.00","Tidak","IDR","Website Resmi Pengelola","2025-12-09","2025-12-16 00:00:44.23896"
378,"Kawasan Kota Tua","0.00","0.00","Ya","IDR","Survey Manual","2025-12-09","2025-12-16 01:00:37.737091"
379,"Kepulauan Seribu","0.00","0.00","Ya","IDR","Survey Manual","2025-12-09","2025-12-16 01:00:37.737091"
380,"Monumen Nasional","20000.00","10000.00","Tidak","IDR","Website Resmi","2025-12-09","2025-12-16 01:00:37.737091"
381,"Museum Arkeologi Onrust","0.00","0.00","Ya","IDR","Website Museum Jakarta","2025-12-09","2025-12-16 01:00:37.737091"
382,"Museum Bahari","5000.00","3000.00","Tidak","IDR","Website Museum Jakarta","2025-12-09","2025-12-16 01:00:37.737091"
383,"Museum Basoeki Abdullah","10000.00","5000.00","Tidak","IDR","Website Museum Jakarta","2025-12-09","2025-12-16 01:00:37.737091"
384,"Museum Joang '45","2000.00","1000.00","Tidak","IDR","Website Museum Jakarta","2025-12-09","2025-12-16 01:00:37.737091"
385,"Museum Kebangkitan Nasional","5000.00","2000.00","Tidak","IDR","Website Museum Jakarta","2025-12-09","2025-12-16 01:00:37.737091"
386,"Museum Mohammad Hoesni Thamrin","0.00","0.00","Ya","IDR","Website Museum Jakarta","2025-12-09","2025-12-16 01:00:37.737091"
387,"Museum Nasional","10000.00","5000.00","Tidak","IDR","Website Museum Jakarta","2025-12-09","2025-12-16 01:00:37.737091"
388,"Museum Perumusan Naskah Proklamasi","0.00","0.00","Ya","IDR","Website Museum Jakarta","2025-12-09","2025-12-16 01:00:37.737091"
389,"Museum Prasasti","5000.00","3000.00","Tidak","IDR","Website Museum Jakarta","2025-12-09","2025-12-16 01:00:37.737091"
390,"Museum Satria Mandala","5000.00","2000.00","Tidak","IDR","Website Museum Jakarta","2025-12-09","2025-12-16 01:00:37.737091"
391,"Museum Sejarah Jakarta","5000.00","3000.00","Tidak","IDR","Website Museum Jakarta","2025-12-09","2025-12-16 01:00:37.737091"
392,"Museum Seni Rupa dan Keramik","5000.00","3000.00","Tidak","IDR","Website Museum Jakarta","2025-12-09","2025-12-16 01:00:37.737091"
393,"Museum Sumpah Pemuda","5000.00","2000.00","Tidak","IDR","Website Museum Jakarta","2025-12-09","2025-12-16 01:00:37.737091"
394,"Museum Tekstil","5000.00","3000.00","Tidak","IDR","Website Museum Jakarta","2025-12-09","2025-12-16 01:00:37.737091"
395,"Museum Wayang","5000.00","3000.00","Tidak","IDR","Website Museum Jakarta","2025-12-09","2025-12-16 01:00:37.737091"
396,"Old Shanghai","0.00","0.00","Ya","IDR","Survey Manual","2025-12-09","2025-12-16 01:00:37.737091"
397,"Pelabuhan Sunda Kelapa","5000.00","3000.00","Tidak","IDR","Survey Manual","2025-12-09","2025-12-16 01:00:37.737091"
398,"Perkampungan Budaya Betawi Setu Babakan","0.00","0.00","Ya","IDR","Survey Manual","2025-12-09","2025-12-16 01:00:37.737091"
399,"Planetarium","12000.00","7000.00","Tidak","IDR","Website Resmi","2025-12-09","2025-12-16 01:00:37.737091"
400,"Pos Bloc","0.00","0.00","Ya","IDR","Survey Manual","2025-12-09","2025-12-16 01:00:37.737091"
401,"Ruang Terbuka Hijau Tebet Eco Park","0.00","0.00","Ya","IDR","Survey Manual","2025-12-09","2025-12-16 01:00:37.737091"
402,"Rumah Si Pitung (Situs Marunda)","0.00","0.00","Ya","IDR","Survey Manual","2025-12-09","2025-12-16 01:00:37.737091"
403,"Taman Impian Jaya Ancol","25000.00","25000.00","Tidak","IDR","Website Resmi Pengelola","2025-12-09","2025-12-16 01:00:37.737091"
404,"Taman Lapangan Banteng","0.00","0.00","Ya","IDR","Website Resmi Pengelola","2025-12-09","2025-12-16 01:00:37.737091"
405,"Taman Marga Satwa Ragunan","4000.00","3000.00","Tidak","IDR","Website Resmi Pengelola","2025-12-09","2025-12-16 01:00:37.737091"
406,"Taman Mini Indonesia Indah","15000.00","10000.00","Tidak","IDR","Website Resmi Pengelola","2025-12-09","2025-12-16 01:00:37.737091"
407,"Kawasan Kota Tua","0.00","0.00","Ya","IDR","Survey Manual","2025-12-09","2025-12-16 01:54:10.065871"
408,"Kepulauan Seribu","0.00","0.00","Ya","IDR","Survey Manual","2025-12-09","2025-12-16 01:54:10.065871"
409,"Monumen Nasional","20000.00","10000.00","Tidak","IDR","Website Resmi","2025-12-09","2025-12-16 01:54:10.065871"
410,"Museum Arkeologi Onrust","0.00","0.00","Ya","IDR","Website Museum Jakarta","2025-12-09","2025-12-16 01:54:10.065871"
411,"Museum Bahari","5000.00","3000.00","Tidak","IDR","Website Museum Jakarta","2025-12-09","2025-12-16 01:54:10.065871"
412,"Museum Basoeki Abdullah","10000.00","5000.00","Tidak","IDR","Website Museum Jakarta","2025-12-09","2025-12-16 01:54:10.065871"
413,"Museum Joang '45","2000.00","1000.00","Tidak","IDR","Website Museum Jakarta","2025-12-09","2025-12-16 01:54:10.065871"
414,"Museum Kebangkitan Nasional","5000.00","2000.00","Tidak","IDR","Website Museum Jakarta","2025-12-09","2025-12-16 01:54:10.065871"
415,"Museum Mohammad Hoesni Thamrin","0.00","0.00","Ya","IDR","Website Museum Jakarta","2025-12-09","2025-12-16 01:54:10.065871"
416,"Museum Nasional","10000.00","5000.00","Tidak","IDR","Website Museum Jakarta","2025-12-09","2025-12-16 01:54:10.065871"
417,"Museum Perumusan Naskah Proklamasi","0.00","0.00","Ya","IDR","Website Museum Jakarta","2025-12-09","2025-12-16 01:54:10.065871"
418,"Museum Prasasti","5000.00","3000.00","Tidak","IDR","Website Museum Jakarta","2025-12-09","2025-12-16 01:54:10.065871"
419,"Museum Satria Mandala","5000.00","2000.00","Tidak","IDR","Website Museum Jakarta","2025-12-09","2025-12-16 01:54:10.065871"
420,"Museum Sejarah Jakarta","5000.00","3000.00","Tidak","IDR","Website Museum Jakarta","2025-12-09","2025-12-16 01:54:10.065871"
421,"Museum Seni Rupa dan Keramik","5000.00","3000.00","Tidak","IDR","Website Museum Jakarta","2025-12-09","2025-12-16 01:54:10.065871"
422,"Museum Sumpah Pemuda","5000.00","2000.00","Tidak","IDR","Website Museum Jakarta","2025-12-09","2025-12-16 01:54:10.065871"
423,"Museum Tekstil","5000.00","3000.00","Tidak","IDR","Website Museum Jakarta","2025-12-09","2025-12-16 01:54:10.065871"
424,"Museum Wayang","5000.00","3000.00","Tidak","IDR","Website Museum Jakarta","2025-12-09","2025-12-16 01:54:10.065871"
425,"Old Shanghai","0.00","0.00","Ya","IDR","Survey Manual","2025-12-09","2025-12-16 01:54:10.065871"
426,"Pelabuhan Sunda Kelapa","5000.00","3000.00","Tidak","IDR","Survey Manual","2025-12-09","2025-12-16 01:54:10.065871"
427,"Perkampungan Budaya Betawi Setu Babakan","0.00","0.00","Ya","IDR","Survey Manual","2025-12-09","2025-12-16 01:54:10.065871"
428,"Planetarium","12000.00","7000.00","Tidak","IDR","Website Resmi","2025-12-09","2025-12-16 01:54:10.065871"
429,"Pos Bloc","0.00","0.00","Ya","IDR","Survey Manual","2025-12-09","2025-12-16 01:54:10.065871"
430,"Ruang Terbuka Hijau Tebet Eco Park","0.00","0.00","Ya","IDR","Survey Manual","2025-12-09","2025-12-16 01:54:10.065871"
431,"Rumah Si Pitung (Situs Marunda)","0.00","0.00","Ya","IDR","Survey Manual","2025-12-09","2025-12-16 01:54:10.065871"
432,"Taman Impian Jaya Ancol","25000.00","25000.00","Tidak","IDR","Website Resmi Pengelola","2025-12-09","2025-12-16 01:54:10.065871"
433,"Taman Lapangan Banteng","0.00","0.00","Ya","IDR","Website Resmi Pengelola","2025-12-09","2025-12-16 01:54:10.065871"
434,"Taman Marga Satwa Ragunan","4000.00","3000.00","Tidak","IDR","Website Resmi Pengelola","2025-12-09","2025-12-16 01:54:10.065871"
435,"Taman Mini Indonesia Indah","15000.00","10000.00","Tidak","IDR","Website Resmi Pengelola","2025-12-09","2025-12-16 01:54:10.065871"
